condition,series,probe_probability,seed,detection_latency,recovery_latency,recovery_latency_censored,recovery_failed,off_threshold,on_threshold,false_active_fraction,false_passive_fraction
estimator_disconnected,influence,,751000,58.0,578.0,578.0,0,0.40726206725268527,1.2217862017580559,0.0,0.0
estimator_disconnected,influence,,751001,75.0,594.0,594.0,0,0.40726206725268527,1.2217862017580559,0.0,0.0
estimator_disconnected,influence,,751002,72.0,617.0,617.0,0,0.40726206725268527,1.2217862017580559,0.0,0.0
estimator_disconnected,influence,,751003,53.0,589.0,589.0,0,0.40726206725268527,1.2217862017580559,0.0,0.0
estimator_disconnected,influence,,751004,65.0,572.0,572.0,0,0.40726206725268527,1.2217862017580559,0.0,0.0
estimator_disconnected,influence,,751005,64.0,597.0,597.0,0,0.40726206725268527,1.2217862017580559,0.0,0.0
estimator_disconnected,influence,,751006,60.0,640.0,640.0,0,0.40726206725268527,1.2217862017580559,0.0,0.0
estimator_disconnected,influence,,751007,66.0,568.0,568.0,0,0.40726206725268527,1.2217862017580559,0.0,0.0
estimator_disconnected,influence,,751008,73.0,575.0,575.0,0,0.40726206725268527,1.2217862017580559,0.0,0.0
estimator_disconnected,influence,,751009,52.0,625.0,625.0,0,0.40726206725268527,1.2217862017580559,0.0,0.0
estimator_disconnected,influence,,751010,72.0,655.0,655.0,0,0.40726206725268527,1.2217862017580559,0.0,0.0
estimator_disconnected,influence,,751011,72.0,611.0,611.0,0,0.40726206725268527,1.2217862017580559,0.0,0.0
estimator_disconnected,influence,,751012,55.0,567.0,567.0,0,0.40726206725268527,1.2217862017580559,0.0,0.0
estimator_disconnected,influence,,751013,65.0,583.0,583.0,0,0.40726206725268527,1.2217862017580559,0.0,0.0
estimator_disconnected,influence,,751014,70.0,589.0,589.0,0,0.40726206725268527,1.2217862017580559,0.0,0.0
estimator_disconnected,influence,,751015,63.0,638.0,638.0,0,0.40726206725268527,1.2217862017580559,0.0,0.0
estimator_disconnected,influence,,751016,62.0,631.0,631.0,0,0.40726206725268527,1.2217862017580559,0.0,0.0
estimator_disconnected,influence,,751017,78.0,565.0,565.0,0,0.40726206725268527,1.2217862017580559,0.0,0.0
estimator_disconnected,influence,,751018,69.0,573.0,573.0,0,0.40726206725268527,1.2217862017580559,0.0,0.0
estimator_disconnected,influence,,751019,75.0,620.0,620.0,0,0.40726206725268527,1.2217862017580559,0.0,0.0
estimator_disconnected,influence,,751020,60.0,629.0,629.0,0,0.40726206725268527,1.2217862017580559,0.0,0.0
estimator_disconnected,influence,,751021,60.0,610.0,610.0,0,0.40726206725268527,1.2217862017580559,0.0,0.0
estimator_disconnected,influence,,751022,57.0,659.0,659.0,0,0.40726206725268527,1.2217862017580559,0.0,0.0
estimator_disconnected,influence,,751023,86.0,662.0,662.0,0,0.40726206725268527,1.2217862017580559,0.0,0.0
estimator_disconnected,influence,,751024,77.0,607.0,607.0,0,0.40726206725268527,1.2217862017580559,0.0,0.0
estimator_disconnected,influence,,751025,70.0,648.0,648.0,0,0.40726206725268527,1.2217862017580559,0.0,0.0
estimator_disconnected,influence,,751026,70.0,550.0,550.0,0,0.40726206725268527,1.2217862017580559,0.0,0.0
estimator_disconnected,influence,,751027,75.0,642.0,642.0,0,0.40726206725268527,1.2217862017580559,0.0,0.0
estimator_disconnected,influence,,751028,81.0,587.0,587.0,0,0.40726206725268527,1.2217862017580559,0.0,0.0
estimator_disconnected,influence,,751029,86.0,594.0,594.0,0,0.40726206725268527,1.2217862017580559,0.0,0.0
estimator_yoked,influence,,751000,59.0,578.0,578.0,0,0.40726206725268527,1.2217862017580559,0.0,0.0
estimator_yoked,influence,,751001,63.0,600.0,600.0,0,0.40726206725268527,1.2217862017580559,0.0,0.0
estimator_yoked,influence,,751002,72.0,633.0,633.0,0,0.40726206725268527,1.2217862017580559,0.0,0.0
estimator_yoked,influence,,751003,39.0,588.0,588.0,0,0.40726206725268527,1.2217862017580559,0.0,0.0
estimator_yoked,influence,,751004,67.0,601.0,601.0,0,0.40726206725268527,1.2217862017580559,0.0,0.0
estimator_yoked,influence,,751005,64.0,596.0,596.0,0,0.40726206725268527,1.2217862017580559,0.0,0.0
estimator_yoked,influence,,751006,55.0,642.0,642.0,0,0.40726206725268527,1.2217862017580559,0.0,0.0
estimator_yoked,influence,,751007,58.0,568.0,568.0,0,0.40726206725268527,1.2217862017580559,0.0,0.0
estimator_yoked,influence,,751008,63.0,590.0,590.0,0,0.40726206725268527,1.2217862017580559,0.0,0.0
estimator_yoked,influence,,751009,70.0,635.0,635.0,0,0.40726206725268527,1.2217862017580559,0.0,0.0
estimator_yoked,influence,,751010,68.0,650.0,650.0,0,0.40726206725268527,1.2217862017580559,0.0,0.0
estimator_yoked,influence,,751011,70.0,611.0,611.0,0,0.40726206725268527,1.2217862017580559,0.0,0.0
estimator_yoked,influence,,751012,68.0,566.0,566.0,0,0.40726206725268527,1.2217862017580559,0.0,0.0
estimator_yoked,influence,,751013,59.0,587.0,587.0,0,0.40726206725268527,1.2217862017580559,0.0,0.0
estimator_yoked,influence,,751014,57.0,589.0,589.0,0,0.40726206725268527,1.2217862017580559,0.0,0.0
estimator_yoked,influence,,751015,38.0,641.0,641.0,0,0.40726206725268527,1.2217862017580559,0.0,0.0
estimator_yoked,influence,,751016,44.0,649.0,649.0,0,0.40726206725268527,1.2217862017580559,0.0,0.0
estimator_yoked,influence,,751017,65.0,579.0,579.0,0,0.40726206725268527,1.2217862017580559,0.0,0.0
estimator_yoked,influence,,751018,61.0,587.0,587.0,0,0.40726206725268527,1.2217862017580559,0.0,0.0
estimator_yoked,influence,,751019,89.0,625.0,625.0,0,0.40726206725268527,1.2217862017580559,0.0,0.0
estimator_yoked,influence,,751020,70.0,651.0,651.0,0,0.40726206725268527,1.2217862017580559,0.0,0.0
estimator_yoked,influence,,751021,55.0,610.0,610.0,0,0.40726206725268527,1.2217862017580559,0.0,0.0
estimator_yoked,influence,,751022,55.0,659.0,659.0,0,0.40726206725268527,1.2217862017580559,0.0,0.0
estimator_yoked,influence,,751023,57.0,672.0,672.0,0,0.40726206725268527,1.2217862017580559,0.0,0.0
estimator_yoked,influence,,751024,76.0,616.0,616.0,0,0.40726206725268527,1.2217862017580559,0.0,0.0
estimator_yoked,influence,,751025,46.0,654.0,654.0,0,0.40726206725268527,1.2217862017580559,0.0,0.0
estimator_yoked,influence,,751026,72.0,581.0,581.0,0,0.40726206725268527,1.2217862017580559,0.0,0.0
estimator_yoked,influence,,751027,52.0,645.0,645.0,0,0.40726206725268527,1.2217862017580559,0.0,0.0
estimator_yoked,influence,,751028,79.0,625.0,625.0,0,0.40726206725268527,1.2217862017580559,0.0,0.0
estimator_yoked,influence,,751029,64.0,594.0,594.0,0,0.40726206725268527,1.2217862017580559,0.0,0.0
post_initial_probe_0.00,vigor,0.0,751000,228.0,nan,1500.0,1,0.25,0.75,,
post_initial_probe_0.00,vigor,0.0,751001,185.0,nan,1500.0,1,0.25,0.75,,
post_initial_probe_0.00,vigor,0.0,751002,288.0,nan,1500.0,1,0.25,0.75,,
post_initial_probe_0.00,vigor,0.0,751003,261.0,nan,1500.0,1,0.25,0.75,,
post_initial_probe_0.00,vigor,0.0,751004,223.0,nan,1500.0,1,0.25,0.75,,
post_initial_probe_0.00,vigor,0.0,751005,280.0,nan,1500.0,1,0.25,0.75,,
post_initial_probe_0.00,vigor,0.0,751006,288.0,nan,1500.0,1,0.25,0.75,,
post_initial_probe_0.00,vigor,0.0,751007,218.0,nan,1500.0,1,0.25,0.75,,
post_initial_probe_0.00,vigor,0.0,751008,233.0,nan,1500.0,1,0.25,0.75,,
post_initial_probe_0.00,vigor,0.0,751009,247.0,nan,1500.0,1,0.25,0.75,,
post_initial_probe_0.00,vigor,0.0,751010,236.0,nan,1500.0,1,0.25,0.75,,
post_initial_probe_0.00,vigor,0.0,751011,246.0,nan,1500.0,1,0.25,0.75,,
post_initial_probe_0.00,vigor,0.0,751012,231.0,nan,1500.0,1,0.25,0.75,,
post_initial_probe_0.00,vigor,0.0,751013,396.0,nan,1500.0,1,0.25,0.75,,
post_initial_probe_0.00,vigor,0.0,751014,266.0,nan,1500.0,1,0.25,0.75,,
post_initial_probe_0.00,vigor,0.0,751015,296.0,nan,1500.0,1,0.25,0.75,,
post_initial_probe_0.00,vigor,0.0,751016,183.0,nan,1500.0,1,0.25,0.75,,
post_initial_probe_0.00,vigor,0.0,751017,275.0,nan,1500.0,1,0.25,0.75,,
post_initial_probe_0.00,vigor,0.0,751018,310.0,nan,1500.0,1,0.25,0.75,,
post_initial_probe_0.00,vigor,0.0,751019,284.0,nan,1500.0,1,0.25,0.75,,
post_initial_probe_0.00,vigor,0.0,751020,233.0,nan,1500.0,1,0.25,0.75,,
post_initial_probe_0.00,vigor,0.0,751021,299.0,nan,1500.0,1,0.25,0.75,,
post_initial_probe_0.00,vigor,0.0,751022,219.0,nan,1500.0,1,0.25,0.75,,
post_initial_probe_0.00,vigor,0.0,751023,221.0,nan,1500.0,1,0.25,0.75,,
post_initial_probe_0.00,vigor,0.0,751024,194.0,nan,1500.0,1,0.25,0.75,,
post_initial_probe_0.00,vigor,0.0,751025,251.0,nan,1500.0,1,0.25,0.75,,
post_initial_probe_0.00,vigor,0.0,751026,256.0,nan,1500.0,1,0.25,0.75,,
post_initial_probe_0.00,vigor,0.0,751027,269.0,nan,1500.0,1,0.25,0.75,,
post_initial_probe_0.00,vigor,0.0,751028,215.0,nan,1500.0,1,0.25,0.75,,
post_initial_probe_0.00,vigor,0.0,751029,263.0,nan,1500.0,1,0.25,0.75,,
post_initial_probe_0.03,vigor,0.03,751000,87.0,57.0,57.0,0,0.25,0.75,,
post_initial_probe_0.03,vigor,0.03,751001,138.0,142.0,142.0,0,0.25,0.75,,
post_initial_probe_0.03,vigor,0.03,751002,85.0,64.0,64.0,0,0.25,0.75,,
post_initial_probe_0.03,vigor,0.03,751003,84.0,61.0,61.0,0,0.25,0.75,,
post_initial_probe_0.03,vigor,0.03,751004,89.0,111.0,111.0,0,0.25,0.75,,
post_initial_probe_0.03,vigor,0.03,751005,54.0,53.0,53.0,0,0.25,0.75,,
post_initial_probe_0.03,vigor,0.03,751006,151.0,73.0,73.0,0,0.25,0.75,,
post_initial_probe_0.03,vigor,0.03,751007,88.0,109.0,109.0,0,0.25,0.75,,
post_initial_probe_0.03,vigor,0.03,751008,134.0,180.0,180.0,0,0.25,0.75,,
post_initial_probe_0.03,vigor,0.03,751009,69.0,220.0,220.0,0,0.25,0.75,,
post_initial_probe_0.03,vigor,0.03,751010,122.0,60.0,60.0,0,0.25,0.75,,
post_initial_probe_0.03,vigor,0.03,751011,155.0,38.0,38.0,0,0.25,0.75,,
post_initial_probe_0.03,vigor,0.03,751012,136.0,74.0,74.0,0,0.25,0.75,,
post_initial_probe_0.03,vigor,0.03,751013,79.0,63.0,63.0,0,0.25,0.75,,
post_initial_probe_0.03,vigor,0.03,751014,185.0,62.0,62.0,0,0.25,0.75,,
post_initial_probe_0.03,vigor,0.03,751015,128.0,30.0,30.0,0,0.25,0.75,,
post_initial_probe_0.03,vigor,0.03,751016,61.0,63.0,63.0,0,0.25,0.75,,
post_initial_probe_0.03,vigor,0.03,751017,77.0,95.0,95.0,0,0.25,0.75,,
post_initial_probe_0.03,vigor,0.03,751018,60.0,29.0,29.0,0,0.25,0.75,,
post_initial_probe_0.03,vigor,0.03,751019,128.0,122.0,122.0,0,0.25,0.75,,
post_initial_probe_0.03,vigor,0.03,751020,39.0,44.0,44.0,0,0.25,0.75,,
post_initial_probe_0.03,vigor,0.03,751021,87.0,72.0,72.0,0,0.25,0.75,,
post_initial_probe_0.03,vigor,0.03,751022,148.0,37.0,37.0,0,0.25,0.75,,
post_initial_probe_0.03,vigor,0.03,751023,144.0,116.0,116.0,0,0.25,0.75,,
post_initial_probe_0.03,vigor,0.03,751024,62.0,44.0,44.0,0,0.25,0.75,,
post_initial_probe_0.03,vigor,0.03,751025,73.0,81.0,81.0,0,0.25,0.75,,
post_initial_probe_0.03,vigor,0.03,751026,82.0,58.0,58.0,0,0.25,0.75,,
post_initial_probe_0.03,vigor,0.03,751027,90.0,71.0,71.0,0,0.25,0.75,,
post_initial_probe_0.03,vigor,0.03,751028,41.0,54.0,54.0,0,0.25,0.75,,
post_initial_probe_0.03,vigor,0.03,751029,81.0,74.0,74.0,0,0.25,0.75,,
post_initial_probe_0.05,vigor,0.05,751000,53.0,56.0,56.0,0,0.25,0.75,,
post_initial_probe_0.05,vigor,0.05,751001,105.0,142.0,142.0,0,0.25,0.75,,
post_initial_probe_0.05,vigor,0.05,751002,60.0,53.0,53.0,0,0.25,0.75,,
post_initial_probe_0.05,vigor,0.05,751003,46.0,45.0,45.0,0,0.25,0.75,,
post_initial_probe_0.05,vigor,0.05,751004,89.0,71.0,71.0,0,0.25,0.75,,
post_initial_probe_0.05,vigor,0.05,751005,44.0,54.0,54.0,0,0.25,0.75,,
post_initial_probe_0.05,vigor,0.05,751006,151.0,72.0,72.0,0,0.25,0.75,,
post_initial_probe_0.05,vigor,0.05,751007,56.0,108.0,108.0,0,0.25,0.75,,
post_initial_probe_0.05,vigor,0.05,751008,51.0,38.0,38.0,0,0.25,0.75,,
post_initial_probe_0.05,vigor,0.05,751009,68.0,146.0,146.0,0,0.25,0.75,,
post_initial_probe_0.05,vigor,0.05,751010,122.0,57.0,57.0,0,0.25,0.75,,
post_initial_probe_0.05,vigor,0.05,751011,155.0,38.0,38.0,0,0.25,0.75,,
post_initial_probe_0.05,vigor,0.05,751012,91.0,76.0,76.0,0,0.25,0.75,,
post_initial_probe_0.05,vigor,0.05,751013,79.0,63.0,63.0,0,0.25,0.75,,
post_initial_probe_0.05,vigor,0.05,751014,104.0,29.0,29.0,0,0.25,0.75,,
post_initial_probe_0.05,vigor,0.05,751015,24.0,30.0,30.0,0,0.25,0.75,,
post_initial_probe_0.05,vigor,0.05,751016,61.0,62.0,62.0,0,0.25,0.75,,
post_initial_probe_0.05,vigor,0.05,751017,62.0,35.0,35.0,0,0.25,0.75,,
post_initial_probe_0.05,vigor,0.05,751018,50.0,27.0,27.0,0,0.25,0.75,,
post_initial_probe_0.05,vigor,0.05,751019,103.0,64.0,64.0,0,0.25,0.75,,
post_initial_probe_0.05,vigor,0.05,751020,39.0,31.0,31.0,0,0.25,0.75,,
post_initial_probe_0.05,vigor,0.05,751021,87.0,152.0,152.0,0,0.25,0.75,,
post_initial_probe_0.05,vigor,0.05,751022,74.0,37.0,37.0,0,0.25,0.75,,
post_initial_probe_0.05,vigor,0.05,751023,77.0,69.0,69.0,0,0.25,0.75,,
post_initial_probe_0.05,vigor,0.05,751024,62.0,31.0,31.0,0,0.25,0.75,,
post_initial_probe_0.05,vigor,0.05,751025,33.0,54.0,54.0,0,0.25,0.75,,
post_initial_probe_0.05,vigor,0.05,751026,85.0,58.0,58.0,0,0.25,0.75,,
post_initial_probe_0.05,vigor,0.05,751027,70.0,63.0,63.0,0,0.25,0.75,,
post_initial_probe_0.05,vigor,0.05,751028,41.0,54.0,54.0,0,0.25,0.75,,
post_initial_probe_0.05,vigor,0.05,751029,81.0,69.0,69.0,0,0.25,0.75,,
